54,0,2014-03-26 00:05:00,Silkeborgvej,Aarhus,56.153267352820414,56.152757286457955,Aarhus,10.139025504299298,10.131331836805202,Silkeborgvej,n/a
25,0,2014-03-26 00:10:00,Hasle Ringvej,Aarhus,56.181353258286634,56.184659561973874,Aarhus,10.192906008598356,10.19604842460626,Randersvej,n/a
51,0,2014-03-26 00:15:00,Anelystvej,Tilst,56.16716656043954,56.15966870893221,Aarhus,10.093516609210042,10.07716983068849,Edwin Rahrs Vej,n/a
42,0,2014-03-26 00:20:00,Silkeborgvej,Aarhus,56.153267352820414,56.152757286457955,Aarhus,10.139025504299298,10.131331836805202,Silkeborgvej,n/a
37,0,2014-03-26 00:25:00,Rosenvangs Alle,Højbjerg,56.11692219631463,56.117828971777826,Højbjerg,10.202164315973278,10.207113017196662,Oddervej,n/a
42,0,2014-03-26 00:30:00,Edwin Rahrs Vej,Aarhus,56.162574351819416,56.167867187555736,Aarhus,10.139154364418005,10.1515794551907,Åby Ringvej,n/a
32,0,2014-03-26 00:35:00,Viborgvej,Aarhus,56.169148028055325,56.16798814878688,Aarhus,10.161062711639374,10.151387677246134,Åby Ringvej,n/a
61,0,2014-03-26 00:40:00,Vestre Ringgade,Aarhus,56.15498346925998,56.149807565419565,Aarhus,10.182616305557303,10.183499758266407,Søndre Ringgade,n/a
68,0,2014-03-26 00:45:00,Landevejen,Tranbjerg,56.0855852379219,56.10097260933967,Tranbjerg,10.124126151537894,10.140579996364522,Landevejen,n/a
38,0,2014-03-26 00:50:00,Møllebakken,Hasselager,56.110590119560015,56.11906158966682,Aarhus,10.122408752149568,10.143036390212956,Skanderborgvej,n/a
105,1,2014-03-26 00:55:00,Søftenvej,Aarhus,56.20417258212644,56.20869704245814,Aarhus,10.175406949737521,10.161186577298167,Søftenvej,n/a
40,0,2014-03-26 01:00:00,Christian X's Vej,Højbjerg,56.12004117576438,56.10986429894997,Højbjerg,10.167441665012348,10.162728804893504,Ringvej Syd,n/a
19,0,2014-03-26 01:05:00,Vejlby Ringvej,Aarhus,56.1833360361296,56.181459995226994,Aarhus,10.200700790178303,10.192792014715224,Hasle Ringvej,n/a
68,0,2014-03-26 01:10:00,Landevejen,Tranbjerg,56.0855852379219,56.10097260933967,Tranbjerg,10.124126151537894,10.140579996364522,Landevejen,n/a
30,0,2014-03-26 01:15:00,Vestre Ringgade,Aarhus,56.163969409207326,56.159418709313904,Aarhus,10.185844404928275,10.187763760747885,Viborgvej,n/a
80,1,2014-03-26 01:20:00,Landevejen,Tranbjerg,56.10097260933967,56.085683261757154,Tranbjerg,10.140579996364522,10.12394711408615,Landevejen,n/a
38,0,2014-03-26 01:25:00,Randersvej,Aarhus Municipality,56.176038754874654,56.17122707649042,Aarhus,10.201616660049467,10.201380373016264,Nordre Ringgade,n/a
57,0,2014-03-26 01:30:00,Holmstrupgårdvej,Aarhus,56.178402535294865,56.182637286706964,Tilst,10.12084169080731,10.113531440475526,Viborgvej,n/a
67,0,2014-03-26 01:35:00,Silkeborgvej,Aarhus,56.15256095040008,56.15328110479527,Aarhus,10.123139046627102,10.110953550926183,Silkeborgvej,n/a
63,0,2014-03-26 01:40:00,Silkeborgvej,Aarhus,56.15591411050229,56.154610138216704,Aarhus,10.176133542327875,10.157440224536913,Silkeborgvej,n/a
43,0,2014-03-26 01:45:00,Rosenvangs Alle,Højbjerg,56.11692219631463,56.114487000000004,Højbjerg,10.202164315973278,10.207854230653766,Oddervej,n/a
31,0,2014-03-26 01:50:00,Rosenvangs Alle,Aarhus,56.13417989322382,56.12391430736949,Højbjerg,10.17948788343233,10.185914784061424,Vestavej,n/a
69,0,2014-03-26 01:55:00,Lystrupvej,Lystrup,56.21728389714838,56.22521120818609,Lystrup,10.233619432540877,10.246299305557386,Djurslandmotorvejen,n/a
51,0,2014-03-26 02:00:00,Marselis Boulevard,Aarhus,56.141823496238665,56.1407940671622,Aarhus,10.204370307865133,10.198852845403735,Marselis Boulevard,n/a
41,0,2014-03-26 02:05:00,Christian X's Vej,Højbjerg,56.12004117576438,56.12437832738177,Aarhus,10.167441665012348,10.180056017196648,Jyllands Alle,n/a
22,0,2014-03-26 02:10:00,Søndre Ringgade,Aarhus,56.1417522836526,56.14063267124548,Aarhus,10.192723647815683,10.1989185595246,Marselis Boulevard,n/a
57,0,2014-03-26 02:15:00,Holmstrupgårdvej,Aarhus,56.178402535294865,56.182637286706964,Tilst,10.12084169080731,10.113531440475526,Viborgvej,n/a
21,0,2014-03-26 02:20:00,Randersvej,Aarhus Municipality,56.176038754874654,56.17122707649042,Aarhus,10.201616660049467,10.201380373016264,Nordre Ringgade,n/a
22,0,2014-03-26 02:25:00,Søndre Ringgade,Aarhus,56.1417522836526,56.14063267124548,Aarhus,10.192723647815683,10.1989185595246,Marselis Boulevard,n/a
31,0,2014-03-26 02:30:00,Rosenvangs Alle,Aarhus,56.13417989322382,56.12391430736949,Højbjerg,10.17948788343233,10.185914784061424,Vestavej,n/a
9,0,2014-03-26 02:35:00,Viborgvej,Aarhus,56.159418709313904,56.15898299999999,Aarhus,10.187763760747885,10.182659856483497,Vestre Ringgade,n/a
0,0,2014-03-26 02:40:00,Skanderborgvej,Aarhus,56.125743621869944,56.13203209461566,Aarhus,10.15788067857352,10.157658842922274,Viby Ringvej,n/a
22,0,2014-03-26 02:45:00,Søndre Ringgade,Aarhus,56.1417522836526,56.14063267124548,Aarhus,10.192723647815683,10.1989185595246,Marselis Boulevard,n/a
59,0,2014-03-26 02:50:00,Edwin Rahrs Vej,Aarhus,56.15962240514419,56.16718933444926,Tilst,10.077223474868788,10.093612498182324,Anelystvej,n/a
67,0,2014-03-26 02:55:00,Silkeborgvej,Aarhus,56.15256095040008,56.15328110479527,Aarhus,10.123139046627102,10.110953550926183,Silkeborgvej,n/a
59,0,2014-03-26 03:00:00,Edwin Rahrs Vej,Aarhus,56.15962240514419,56.16718933444926,Tilst,10.077223474868788,10.093612498182324,Anelystvej,n/a
51,0,2014-03-26 03:05:00,Anelystvej,Tilst,56.16718933444926,56.18271715899992,Tilst,10.093612498182324,10.101720288360639,Anelystvej,n/a
31,0,2014-03-26 03:10:00,Rosenvangs Alle,Aarhus,56.13417989322382,56.12391430736949,Højbjerg,10.17948788343233,10.185914784061424,Vestavej,n/a
67,0,2014-03-26 03:15:00,Lystrupvej,Lystrup,56.21728389714838,56.22521120818609,Lystrup,10.233619432540877,10.246299305557386,Djurslandmotorvejen,n/a
72,1,2014-03-26 03:20:00,Silkeborgvej,Aarhus,56.153267352820414,56.152757286457955,Aarhus,10.139025504299298,10.131331836805202,Silkeborgvej,n/a
55,0,2014-03-26 03:25:00,Ringvej Syd,Aarhus,56.11814500000001,56.10986429894997,Højbjerg,10.148131067458962,10.162728804893504,Ringvej Syd,n/a
35,0,2014-03-26 03:30:00,Vestre Strandalle,Risskov,56.190387445286476,56.18655111946821,Risskov,10.223110775463056,10.218124775463139,Grenåvej,n/a
22,0,2014-03-26 03:35:00,Nørrebrogade,Aarhus,56.16816672029917,56.17606861552515,Aarhus,10.207060089618722,10.201770887067823,Randersvej,n/a
82,2,2014-03-26 03:40:00,Nordjyske Motorvej,Hinnerup,56.23489759702643,56.21385651069573,Aarhus,10.125013142824173,10.144907008598352,15,n/a
68,2,2014-03-26 03:45:00,Viborgvej,Tilst,56.182637286706964,56.18546282170713,Tilst,10.113531440475526,10.096344851520598,Viborgvej,n/a
46,2,2014-03-26 03:50:00,Søftenvej,Aarhus,56.21508593264829,56.22579478256016,Hinnerup,10.13978019262504,10.116589665412903,Århusvej,n/a
55,0,2014-03-26 03:55:00,Ringvej Syd,Aarhus,56.11814500000001,56.10986429894997,Højbjerg,10.148131067458962,10.162728804893504,Ringvej Syd,n/a
54,0,2014-03-26 04:00:00,Grenåvej,Ega,56.229971546821645,56.25625595964834,Skødstrup,10.293955058860774,10.303667644180337,Grenåvej,n/a
54,0,2014-03-26 04:05:00,Strandvejen,Aarhus,56.14472622987757,56.14184292295903,Aarhus,10.208600965029746,10.204335439147826,Marselis Boulevard,n/a
42,0,2014-03-26 04:10:00,Oddervej,Højbjerg,56.114487000000004,56.117828971777826,Højbjerg,10.207854230653766,10.207113017196662,Oddervej,n/a
16,0,2014-03-26 04:15:00,Ålykkevej,Risskov,56.20251117218925,56.20913963031665,Risskov,10.250786139881143,10.246642527612721,Viengevej,n/a
18,0,2014-03-26 04:20:00,Grenåvej,Ega,56.21163929866206,56.210806441766366,Ega,10.277436490737955,10.269670626983498,Mejlbyvej,n/a
34,0,2014-03-26 04:25:00,Skanderborgvej,Aarhus,56.13844851575673,56.13241046310714,Aarhus,10.179150601188667,10.174677478504236,Christian X's Vej,n/a
45,10,2014-03-26 04:30:00,Randersvej,Århus N,56.18461478101305,56.18028339302693,Aarhus,10.195804343585905,10.198778699405693,Randersvej,n/a
73,2,2014-03-26 04:35:00,Vejlby Ringvej,Aarhus,56.18324423193787,56.18696229571611,Risskov,10.200790644180302,10.212459373016372,Vejlby Ringvej,n/a
33,11,2014-03-26 04:40:00,Randersvej,Århus N,56.18461478101305,56.18028339302693,Aarhus,10.195804343585905,10.198778699405693,Randersvej,n/a
60,1,2014-03-26 04:45:00,Viborgvej,Tilst,56.182637286706964,56.18546282170713,Tilst,10.113531440475526,10.096344851520598,Viborgvej,n/a
0,0,2014-03-26 04:50:00,Skanderborgvej,Aarhus,56.125743621869944,56.13203209461566,Aarhus,10.15788067857352,10.157658842922274,Viby Ringvej,n/a
29,0,2014-03-26 04:55:00,Vejlby Ringvej,Risskov,56.18696229571611,56.18655111946821,Risskov,10.212459373016372,10.218124775463139,Grenåvej,n/a
35,0,2014-03-26 05:00:00,Vestre Strandalle,Risskov,56.190387445286476,56.18655111946821,Risskov,10.223110775463056,10.218124775463139,Grenåvej,n/a
40,0,2014-03-26 05:05:00,Christian X's Vej,Højbjerg,56.12004117576438,56.10986429894997,Højbjerg,10.167441665012348,10.162728804893504,Ringvej Syd,n/a
63,3,2014-03-26 05:10:00,Oddervej,Højbjerg,56.114487000000004,56.105069529457616,Højbjerg,10.207854230653766,10.206927436840033,Oddervej,n/a
71,11,2014-03-26 05:15:00,Grenåvej,Risskov,56.2026461982616,56.20056009742038,Risskov,10.25068287483407,10.241876431877131,Grenåvej,n/a
42,6,2014-03-26 05:20:00,Viby Ringvej,Aarhus,56.148242094184255,56.16018043015113,Aarhus,10.149874309192683,10.143520804893456,Åby Ringvej,n/a
35,0,2014-03-26 05:25:00,Randersvej,Aarhus,56.19922307868954,56.19677547153966,Risskov,10.182444749668093,10.216211542327983,Vejlby Centervej,n/a
27,0,2014-03-26 05:30:00,Rosenvangs Alle,Højbjerg,56.11692219631463,56.114487000000004,Højbjerg,10.202164315973278,10.207854230653766,Oddervej,n/a
13,1,2014-03-26 05:35:00,Søndre Ringgade,Aarhus,56.14563850929,56.14258759218248,Aarhus,10.186762304229774,10.186756880950952,Skanderborgvej,n/a
76,3,2014-03-26 05:40:00,Landevejen,Tranbjerg,56.10097260933967,56.085683261757154,Tranbjerg,10.140579996364522,10.12394711408615,Landevejen,n/a
55,5,2014-03-26 05:45:00,Edwin Rahrs Vej,Aarhus,56.15962240514419,56.16718933444926,Tilst,10.077223474868788,10.093612498182324,Anelystvej,n/a
32,6,2014-03-26 05:50:00,Marselis Boulevard,Aarhus,56.14171141881423,56.144719132186395,Aarhus,10.204415905418273,10.20872971106246,Strandvejen,n/a
59,10,2014-03-26 05:55:00,Vejlby Ringvej,Aarhus,56.1833360361296,56.181459995226994,Aarhus,10.200700790178303,10.192792014715224,Hasle Ringvej,n/a
40,0,2014-03-26 06:00:00,Rosenvangs Alle,Aarhus,56.13417989322382,56.12391430736949,Højbjerg,10.17948788343233,10.185914784061424,Vestavej,n/a
54,10,2014-03-26 06:05:00,Vejlby Ringvej,Aarhus,56.1833360361296,56.181459995226994,Aarhus,10.200700790178303,10.192792014715224,Hasle Ringvej,n/a
64,7,2014-03-26 06:10:00,Silkeborgvej,Aarhus,56.15256095040008,56.15328110479527,Aarhus,10.123139046627102,10.110953550926183,Silkeborgvej,n/a
18,4,2014-03-26 06:15:00,Randersvej,Aarhus Municipality,56.176038754874654,56.17122707649042,Aarhus,10.201616660049467,10.201380373016264,Nordre Ringgade,n/a
49,8,2014-03-26 06:20:00,Christian X's Vej,Højbjerg,56.12004117576438,56.12437832738177,Aarhus,10.167441665012348,10.180056017196648,Jyllands Alle,n/a
20,9,2014-03-26 06:25:00,Randersvej,Aarhus Municipality,56.176038754874654,56.17122707649042,Aarhus,10.201616660049467,10.201380373016264,Nordre Ringgade,n/a
16,3,2014-03-26 06:30:00,Viborgvej,Aarhus,56.159418709313904,56.15898299999999,Aarhus,10.187763760747885,10.182659856483497,Vestre Ringgade,n/a
34,2,2014-03-26 06:35:00,Christian X's Vej,Højbjerg,56.12004117576438,56.10986429894997,Højbjerg,10.167441665012348,10.162728804893504,Ringvej Syd,n/a
24,2,2014-03-26 06:40:00,Søndre Ringgade,Aarhus,56.14563850929,56.14258759218248,Aarhus,10.186762304229774,10.186756880950952,Skanderborgvej,n/a
15,2,2014-03-26 06:45:00,Spanien,Aarhus,56.14892750591274,56.16107681293822,Aarhus,10.209599775463175,10.2121812711639,Nørreport,n/a
21,1,2014-03-26 06:50:00,Randersvej,Aarhus,56.19922307868954,56.19677547153966,Risskov,10.182444749668093,10.216211542327983,Vejlby Centervej,n/a
15,18,2014-03-26 06:55:00,Århusvej,Hinnerup,56.23172069428216,56.22579478256016,Hinnerup,10.104986076057457,10.116589665412903,Århusvej,n/a
14,1,2014-03-26 07:00:00,Spanien,Aarhus,56.14892750591274,56.16107681293822,Aarhus,10.209599775463175,10.2121812711639,Nørreport,n/a
37,49,2014-03-26 07:05:00,15,Aarhus,56.21399075104399,56.21740644105506,Hinnerup,10.145073305557275,10.10702759027481,Østjyske Motorvej,n/a
35,26,2014-03-26 07:10:00,Marselis Boulevard,Aarhus,56.141823496238665,56.1407940671622,Aarhus,10.204370307865133,10.198852845403735,Marselis Boulevard,n/a
10,0,2014-03-26 07:15:00,Randersvej,Aarhus,56.184659561973874,56.19677547153966,Risskov,10.19604842460626,10.216211542327983,Vejlby Centervej,n/a
83,27,2014-03-26 07:20:00,Nordjyske Motorvej,Hinnerup,56.23489759702643,56.21385651069573,Aarhus,10.125013142824173,10.144907008598352,15,n/a
30,5,2014-03-26 07:25:00,Ravnsbjergvej,Aarhus,56.124304277059785,56.125743621869944,Aarhus,10.141663381614649,10.15788067857352,Skanderborgvej,n/a
32,3,2014-03-26 07:30:00,Grenåvej,Risskov,56.19765179702361,56.205074,Risskov,10.228639215938529,10.236217525131224,Lystrupvej,n/a
95,1,2014-03-26 07:35:00,Nordjyske Motorvej,Hinnerup,56.23489759702643,56.21385651069573,Aarhus,10.125013142824173,10.144907008598352,15,n/a
64,9,2014-03-26 07:40:00,Viborgvej,Tilst,56.182637286706964,56.18546282170713,Tilst,10.113531440475526,10.096344851520598,Viborgvej,n/a
38,9,2014-03-26 07:45:00,Silkeborgvej,Aarhus,56.15591411050229,56.154610138216704,Aarhus,10.176133542327875,10.157440224536913,Silkeborgvej,n/a
45,5,2014-03-26 07:50:00,Oddervej,Højbjerg,56.114487000000004,56.117828971777826,Højbjerg,10.207854230653766,10.207113017196662,Oddervej,n/a
26,5,2014-03-26 07:55:00,Silkeborgvej,Aarhus,56.15591411050229,56.154610138216704,Aarhus,10.176133542327875,10.157440224536913,Silkeborgvej,n/a
41,5,2014-03-26 08:00:00,Jyllands Alle,Aarhus,56.13458495857738,56.12994000000001,Højbjerg,10.189857330024779,10.187329678573633,Jyllands Alle,n/a
0,0,2014-03-26 08:05:00,Skanderborgvej,Aarhus,56.125743621869944,56.13203209461566,Aarhus,10.15788067857352,10.157658842922274,Viby Ringvej,n/a
38,6,2014-03-26 08:10:00,Jyllands Alle,Aarhus,56.13458495857738,56.12994000000001,Højbjerg,10.189857330024779,10.187329678573633,Jyllands Alle,n/a
5,0,2014-03-26 08:15:00,Ålykkevej,Risskov,56.20251117218925,56.20913963031665,Risskov,10.250786139881143,10.246642527612721,Viengevej,n/a
84,22,2014-03-26 08:20:00,Nordjyske Motorvej,Hinnerup,56.23489759702643,56.21385651069573,Aarhus,10.125013142824173,10.144907008598352,15,n/a
62,16,2014-03-26 08:25:00,Landevejen,Tranbjerg,56.0855852379219,56.10097260933967,Tranbjerg,10.124126151537894,10.140579996364522,Landevejen,n/a
27,2,2014-03-26 08:30:00,Vestre Ringgade,Aarhus,56.163969409207326,56.159418709313904,Aarhus,10.185844404928275,10.187763760747885,Viborgvej,n/a
55,1,2014-03-26 08:35:00,Skanderborgvej,Aarhus,56.13844851575673,56.13241046310714,Aarhus,10.179150601188667,10.174677478504236,Christian X's Vej,n/a
67,2,2014-03-26 08:40:00,Grenåvej,Ega,56.21163929866206,56.210806441766366,Ega,10.277436490737955,10.269670626983498,Mejlbyvej,n/a
27,7,2014-03-26 08:45:00,Oddervej,Højbjerg,56.114487000000004,56.117828971777826,Højbjerg,10.207854230653766,10.207113017196662,Oddervej,n/a
70,1,2014-03-26 08:50:00,Søftenvej,Aarhus,56.21508593264829,56.22579478256016,Hinnerup,10.13978019262504,10.116589665412903,Århusvej,n/a
59,9,2014-03-26 08:55:00,Viborgvej,Tilst,56.182637286706964,56.18546282170713,Tilst,10.113531440475526,10.096344851520598,Viborgvej,n/a
31,8,2014-03-26 09:00:00,Oddervej,Højbjerg,56.114487000000004,56.117828971777826,Højbjerg,10.207854230653766,10.207113017196662,Oddervej,n/a
25,5,2014-03-26 09:05:00,Paludan-Müllers Vej,Aarhus,56.170278565367,56.17389164456407,Aarhus,10.186652602364234,10.182183959489976,Paludan-Müllers Vej,n/a
45,6,2014-03-26 09:10:00,Strandvejen,Aarhus,56.14472622987757,56.14184292295903,Aarhus,10.208600965029746,10.204335439147826,Marselis Boulevard,n/a
51,0,2014-03-26 09:15:00,Møllebakken,Hasselager,56.110590119560015,56.11906158966682,Aarhus,10.122408752149568,10.143036390212956,Skanderborgvej,n/a
37,26,2014-03-26 09:20:00,Vestre Ringgade,Aarhus,56.15498346925998,56.149807565419565,Aarhus,10.182616305557303,10.183499758266407,Søndre Ringgade,n/a
36,1,2014-03-26 09:25:00,Paludan-Müllers Vej,Aarhus,56.17389164456407,56.17505006362324,Aarhus,10.182183959489976,10.171526038028787,Hasle Ringvej,n/a
36,0,2014-03-26 09:30:00,Rosenvangs Alle,Aarhus,56.13417989322382,56.12391430736949,Højbjerg,10.17948788343233,10.185914784061424,Vestavej,n/a
12,0,2014-03-26 09:35:00,Nordre Ringgade,Aarhus,56.17243586196818,56.17606861552515,Aarhus,10.209219127208598,10.201770887067823,Randersvej,n/a
38,6,2014-03-26 09:40:00,Christian X's Vej,Højbjerg,56.12004117576438,56.12437832738177,Aarhus,10.167441665012348,10.180056017196648,Jyllands Alle,n/a
66,3,2014-03-26 09:45:00,Edwin Rahrs Vej,Aarhus,56.15962240514419,56.16718933444926,Tilst,10.077223474868788,10.093612498182324,Anelystvej,n/a
46,3,2014-03-26 09:50:00,Holmstrupgårdvej,Aarhus,56.178402535294865,56.182637286706964,Tilst,10.12084169080731,10.113531440475526,Viborgvej,n/a
37,6,2014-03-26 09:55:00,Christian X's Vej,Højbjerg,56.12004117576438,56.12437832738177,Aarhus,10.167441665012348,10.180056017196648,Jyllands Alle,n/a
41,1,2014-03-26 10:00:00,Anelystvej,Tilst,56.16718933444926,56.18271715899992,Tilst,10.093612498182324,10.101720288360639,Anelystvej,n/a
51,0,2014-03-26 10:05:00,Christian X's Vej,Højbjerg,56.12004117576438,56.10986429894997,Højbjerg,10.167441665012348,10.162728804893504,Ringvej Syd,n/a
47,1,2014-03-26 10:10:00,Rosenvangs Alle,Aarhus,56.13417989322382,56.12391430736949,Højbjerg,10.17948788343233,10.185914784061424,Vestavej,n/a
29,0,2014-03-26 10:15:00,Vejlby Ringvej,Risskov,56.18696229571611,56.18655111946821,Risskov,10.212459373016372,10.218124775463139,Grenåvej,n/a
71,5,2014-03-26 10:20:00,Marselis Boulevard,Aarhus,56.13962771141822,56.14051551675728,Aarhus,10.177235595245293,10.154338145998054,Viby Ringvej,n/a
41,5,2014-03-26 10:25:00,Rosenvangs Alle,Højbjerg,56.11692219631463,56.114487000000004,Højbjerg,10.202164315973278,10.207854230653766,Oddervej,n/a
24,5,2014-03-26 10:30:00,Søndre Ringgade,Aarhus,56.1417522836526,56.14063267124548,Aarhus,10.192723647815683,10.1989185595246,Marselis Boulevard,n/a
57,2,2014-03-26 10:35:00,Anelystvej,Tilst,56.16718933444926,56.18271715899992,Tilst,10.093612498182324,10.101720288360639,Anelystvej,n/a
25,12,2014-03-26 10:40:00,Randersvej,Aarhus Municipality,56.176038754874654,56.17122707649042,Aarhus,10.201616660049467,10.201380373016264,Nordre Ringgade,n/a
56,2,2014-03-26 10:45:00,Anelystvej,Tilst,56.16718933444926,56.18271715899992,Tilst,10.093612498182324,10.101720288360639,Anelystvej,n/a
56,1,2014-03-26 10:50:00,Strandvejen,Aarhus,56.136738858609256,56.13236396838821,Aarhus,10.20776318039134,10.211722754631069,Strandvejen,n/a
52,10,2014-03-26 10:55:00,Oddervej,Højbjerg,56.114487000000004,56.105069529457616,Højbjerg,10.207854230653766,10.206927436840033,Oddervej,n/a
24,1,2014-03-26 11:00:00,Haveforening Af 1918,Aarhus,56.13953206657349,56.14251885276732,Aarhus,10.177203408737114,10.186880262565637,Skanderborgvej,n/a
30,5,2014-03-26 11:05:00,Paludan-Müllers Vej,Aarhus,56.17389164456407,56.17505006362324,Aarhus,10.182183959489976,10.171526038028787,Hasle Ringvej,n/a
21,0,2014-03-26 11:10:00,Nordre Ringgade,Aarhus,56.17243586196818,56.17606861552515,Aarhus,10.209219127208598,10.201770887067823,Randersvej,n/a
20,0,2014-03-26 11:15:00,Viborgvej,Aarhus,56.159418709313904,56.15898299999999,Aarhus,10.187763760747885,10.182659856483497,Vestre Ringgade,n/a
46,1,2014-03-26 11:20:00,Randersvej,Aarhus,56.184659561973874,56.19677547153966,Risskov,10.19604842460626,10.216211542327983,Vejlby Centervej,n/a
83,0,2014-03-26 11:25:00,Mejlbyvej,Hjortshøj,56.242032790256985,56.22537224883195,Lystrup,10.261365288360594,10.246154466270468,Djurslandmotorvejen,n/a
51,3,2014-03-26 11:30:00,Skanderborgvej,Aarhus,56.13844851575673,56.131053962866226,Aarhus,10.179150601188667,10.166163050262412,Skanderborgvej,n/a
12,4,2014-03-26 11:35:00,Søndre Ringgade,Aarhus,56.14563850929,56.14258759218248,Aarhus,10.186762304229774,10.186756880950952,Skanderborgvej,n/a
88,19,2014-03-26 11:40:00,Nordjyske Motorvej,Hinnerup,56.23489759702643,56.21385651069573,Aarhus,10.125013142824173,10.144907008598352,15,n/a
56,24,2014-03-26 11:45:00,Randersvej,Århus N,56.18461478101305,56.18028339302693,Aarhus,10.195804343585905,10.198778699405693,Randersvej,n/a
52,12,2014-03-26 11:50:00,Silkeborgvej,Aarhus,56.153267352820414,56.152757286457955,Aarhus,10.139025504299298,10.131331836805202,Silkeborgvej,n/a
34,7,2014-03-26 11:55:00,Edwin Rahrs Vej,Aarhus,56.162574351819416,56.167867187555736,Aarhus,10.139154364418005,10.1515794551907,Åby Ringvej,n/a
37,0,2014-03-26 12:00:00,Vestre Strandalle,Risskov,56.190387445286476,56.18655111946821,Risskov,10.223110775463056,10.218124775463139,Grenåvej,n/a
30,5,2014-03-26 12:05:00,Paludan-Müllers Vej,Aarhus,56.17389164456407,56.17505006362324,Aarhus,10.182183959489976,10.171526038028787,Hasle Ringvej,n/a
72,1,2014-03-26 12:10:00,Edwin Rahrs Vej,Aarhus,56.15962240514419,56.16718933444926,Tilst,10.077223474868788,10.093612498182324,Anelystvej,n/a
65,11,2014-03-26 12:15:00,Silkeborgvej,Aarhus,56.15256095040008,56.15328110479527,Aarhus,10.123139046627102,10.110953550926183,Silkeborgvej,n/a
24,15,2014-03-26 12:20:00,Vejlby Ringvej,Aarhus,56.1833360361296,56.181459995226994,Aarhus,10.200700790178303,10.192792014715224,Hasle Ringvej,n/a
15,3,2014-03-26 12:25:00,Søndre Ringgade,Aarhus,56.14563850929,56.14258759218248,Aarhus,10.186762304229774,10.186756880950952,Skanderborgvej,n/a
27,3,2014-03-26 12:30:00,Haveforening Af 1918,Aarhus,56.13953206657349,56.14251885276732,Aarhus,10.177203408737114,10.186880262565637,Skanderborgvej,n/a
24,0,2014-03-26 12:35:00,Paludan-Müllers Vej,Aarhus,56.17389164456407,56.17505006362324,Aarhus,10.182183959489976,10.171526038028787,Hasle Ringvej,n/a
41,3,2014-03-26 12:40:00,Rosenvangs Alle,Højbjerg,56.11692219631463,56.114487000000004,Højbjerg,10.202164315973278,10.207854230653766,Oddervej,n/a
49,5,2014-03-26 12:45:00,Strandvejen,Aarhus,56.136738858609256,56.13236396838821,Aarhus,10.20776318039134,10.211722754631069,Strandvejen,n/a
41,0,2014-03-26 12:50:00,Rosenvangs Alle,Højbjerg,56.11692219631463,56.114487000000004,Højbjerg,10.202164315973278,10.207854230653766,Oddervej,n/a
55,0,2014-03-26 12:55:00,Anelystvej,Tilst,56.16718933444926,56.18271715899992,Tilst,10.093612498182324,10.101720288360639,Anelystvej,n/a
39,23,2014-03-26 13:00:00,Marselis Boulevard,Aarhus,56.141823496238665,56.1407940671622,Aarhus,10.204370307865133,10.198852845403735,Marselis Boulevard,n/a
20,14,2014-03-26 13:05:00,Randersvej,Aarhus Municipality,56.176038754874654,56.17122707649042,Aarhus,10.201616660049467,10.201380373016264,Nordre Ringgade,n/a
52,6,2014-03-26 13:10:00,Anelystvej,Tilst,56.16718933444926,56.18271715899992,Tilst,10.093612498182324,10.101720288360639,Anelystvej,n/a
38,34,2014-03-26 13:15:00,Marselis Boulevard,Aarhus,56.141823496238665,56.1407940671622,Aarhus,10.204370307865133,10.198852845403735,Marselis Boulevard,n/a
47,4,2014-03-26 13:20:00,Anelystvej,Tilst,56.16718933444926,56.18271715899992,Tilst,10.093612498182324,10.101720288360639,Anelystvej,n/a
21,11,2014-03-26 13:25:00,Randersvej,Aarhus Municipality,56.176038754874654,56.17122707649042,Aarhus,10.201616660049467,10.201380373016264,Nordre Ringgade,n/a
46,4,2014-03-26 13:30:00,Anelystvej,Tilst,56.16718933444926,56.18271715899992,Tilst,10.093612498182324,10.101720288360639,Anelystvej,n/a
53,4,2014-03-26 13:35:00,Edwin Rahrs Vej,Aarhus,56.15962240514419,56.16718933444926,Tilst,10.077223474868788,10.093612498182324,Anelystvej,n/a
32,2,2014-03-26 13:40:00,Paludan-Müllers Vej,Aarhus,56.17389164456407,56.17505006362324,Aarhus,10.182183959489976,10.171526038028787,Hasle Ringvej,n/a
56,4,2014-03-26 13:45:00,Edwin Rahrs Vej,Aarhus,56.15962240514419,56.16718933444926,Tilst,10.077223474868788,10.093612498182324,Anelystvej,n/a
12,2,2014-03-26 13:55:00,Søndre Ringgade,Aarhus,56.1417522836526,56.14063267124548,Aarhus,10.192723647815683,10.1989185595246,Marselis Boulevard,n/a
85,25,2014-03-26 14:00:00,15,Aarhus,56.21399075104399,56.21740644105506,Hinnerup,10.145073305557275,10.10702759027481,Østjyske Motorvej,n/a
16,11,2014-03-26 14:05:00,Vejlby Ringvej,Aarhus,56.1833360361296,56.181459995226994,Aarhus,10.200700790178303,10.192792014715224,Hasle Ringvej,n/a
39,43,2014-03-26 14:10:00,Marselis Boulevard,Aarhus,56.141823496238665,56.1407940671622,Aarhus,10.204370307865133,10.198852845403735,Marselis Boulevard,n/a
80,39,2014-03-26 14:15:00,15,Aarhus,56.21399075104399,56.21740644105506,Hinnerup,10.145073305557275,10.10702759027481,Østjyske Motorvej,n/a
84,21,2014-03-26 14:20:00,Århusvej,Hinnerup,56.22579478256016,56.21740644105506,Hinnerup,10.116589665412903,10.10702759027481,Østjyske Motorvej,n/a
15,8,2014-03-26 14:25:00,Vejlby Ringvej,Aarhus,56.1833360361296,56.181459995226994,Aarhus,10.200700790178303,10.192792014715224,Hasle Ringvej,n/a
29,3,2014-03-26 14:30:00,Marselis Boulevard,Aarhus,56.14171141881423,56.144719132186395,Aarhus,10.204415905418273,10.20872971106246,Strandvejen,n/a
59,4,2014-03-26 14:35:00,Lystrupvej,Lystrup,56.21728389714838,56.22521120818609,Lystrup,10.233619432540877,10.246299305557386,Djurslandmotorvejen,n/a
23,8,2014-03-26 14:40:00,Vejlby Ringvej,Aarhus,56.1833360361296,56.181459995226994,Aarhus,10.200700790178303,10.192792014715224,Hasle Ringvej,n/a
28,2,2014-03-26 14:45:00,Rosenvangs Alle,Aarhus,56.13417989322382,56.12391430736949,Højbjerg,10.17948788343233,10.185914784061424,Vestavej,n/a
50,5,2014-03-26 14:50:00,Strandvejen,Aarhus,56.136738858609256,56.13236396838821,Aarhus,10.20776318039134,10.211722754631069,Strandvejen,n/a
68,0,2014-03-26 14:55:00,Vestre Strandalle,Risskov,56.190387445286476,56.18655111946821,Risskov,10.223110775463056,10.218124775463139,Grenåvej,n/a
22,20,2014-03-26 15:00:00,Oddervej,Højbjerg,56.114487000000004,56.105069529457616,Højbjerg,10.207854230653766,10.206927436840033,Oddervej,n/a
57,5,2014-03-26 15:05:00,Marselis Boulevard,Aarhus,56.13962771141822,56.14051551675728,Aarhus,10.177235595245293,10.154338145998054,Viby Ringvej,n/a
8,0,2014-03-26 15:10:00,Søndre Ringgade,Aarhus,56.14563850929,56.14258759218248,Aarhus,10.186762304229774,10.186756880950952,Skanderborgvej,n/a
8,16,2014-03-26 15:15:00,Vejlby Ringvej,Aarhus,56.1833360361296,56.181459995226994,Aarhus,10.200700790178303,10.192792014715224,Hasle Ringvej,n/a
14,0,2014-03-26 15:20:00,Viborgvej,Aarhus,56.159418709313904,56.15898299999999,Aarhus,10.187763760747885,10.182659856483497,Vestre Ringgade,n/a
28,1,2014-03-26 15:25:00,Vestre Ringgade,Aarhus,56.163969409207326,56.159418709313904,Aarhus,10.185844404928275,10.187763760747885,Viborgvej,n/a
36,1,2014-03-26 15:30:00,Silkeborgvej,Aarhus,56.154610138216704,56.16018043015113,Aarhus,10.157440224536913,10.143520804893456,Åby Ringvej,n/a
29,2,2014-03-26 15:35:00,Vestre Ringgade,Aarhus,56.163969409207326,56.159418709313904,Aarhus,10.185844404928275,10.187763760747885,Viborgvej,n/a
62,5,2014-03-26 15:40:00,Landevejen,Tranbjerg,56.0855852379219,56.10097260933967,Tranbjerg,10.124126151537894,10.140579996364522,Landevejen,n/a
52,7,2014-03-26 15:45:00,Søftenvej,Aarhus,56.21508593264829,56.22579478256016,Hinnerup,10.13978019262504,10.116589665412903,Århusvej,n/a
24,3,2014-03-26 15:50:00,Hasle Ringvej,Aarhus,56.178623267668705,56.18210217593679,Aarhus,10.18461071717934,10.189355309192706,Halmstadgade,n/a
58,3,2014-03-26 15:55:00,Edwin Rahrs Vej,Aarhus,56.16254304778694,56.16459887184971,Aarhus,10.125912580356612,10.109984271163967,Edwin Rahrs Vej,n/a
24,10,2014-03-26 16:00:00,Viborgvej,Tilst,56.182637286706964,56.18277313796047,Tilst,10.113531440475526,10.101564720237775,Anelystvej,n/a
7,0,2014-03-26 16:05:00,,Aarhus,56.141835968071454,56.14258759218248,Aarhus,10.192906038028696,10.186756880950952,Skanderborgvej,n/a
109,42,2014-03-26 16:10:00,Østjyske Motorvej,Tilst,56.21731711429131,56.23490211108693,Hinnerup,10.10711200000003,10.12519614484404,Nordjyske Motorvej,n/a
43,13,2014-03-26 16:15:00,Silkeborgvej,Aarhus,56.153267352820414,56.152757286457955,Aarhus,10.139025504299298,10.131331836805202,Silkeborgvej,n/a
77,32,2014-03-26 16:20:00,Søftenvej,Aarhus,56.20417258212644,56.20869704245814,Aarhus,10.175406949737521,10.161186577298167,Søftenvej,n/a
56,2,2014-03-26 16:25:00,Århusvej,Hinnerup,56.23172069428216,56.22579478256016,Hinnerup,10.104986076057457,10.116589665412903,Århusvej,n/a
22,1,2014-03-26 16:30:00,Christian X's Vej,Højbjerg,56.1102508220387,56.118198830180894,Aarhus,10.153714822090137,10.148353690807198,Ringvej Syd,n/a
62,8,2014-03-26 16:35:00,Århusvej,Hinnerup,56.23172069428216,56.22579478256016,Hinnerup,10.104986076057457,10.116589665412903,Århusvej,n/a
17,0,2014-03-26 16:40:00,Viborgvej,Aarhus,56.169148028055325,56.16798814878688,Aarhus,10.161062711639374,10.151387677246134,Åby Ringvej,n/a
20,0,2014-03-26 16:45:00,Nordre Ringgade,Aarhus,56.17243586196818,56.17606861552515,Aarhus,10.209219127208598,10.201770887067823,Randersvej,n/a
98,6,2014-03-26 16:50:00,15,Aarhus,56.21399075104399,56.21740644105506,Hinnerup,10.145073305557275,10.10702759027481,Østjyske Motorvej,n/a
48,0,2014-03-26 16:55:00,Christian X's Vej,Højbjerg,56.12004117576438,56.10986429894997,Højbjerg,10.167441665012348,10.162728804893504,Ringvej Syd,n/a
92,14,2014-03-26 17:00:00,15,Aarhus,56.21399075104399,56.21740644105506,Hinnerup,10.145073305557275,10.10702759027481,Østjyske Motorvej,n/a
54,2,2014-03-26 17:05:00,Edwin Rahrs Vej,Aarhus,56.15962240514419,56.16718933444926,Tilst,10.077223474868788,10.093612498182324,Anelystvej,n/a
39,0,2014-03-26 17:10:00,Rosenvangs Alle,Aarhus,56.13417989322382,56.12391430736949,Højbjerg,10.17948788343233,10.185914784061424,Vestavej,n/a
29,0,2014-03-26 17:15:00,Viborgvej,Aarhus,56.159418709313904,56.15898299999999,Aarhus,10.187763760747885,10.182659856483497,Vestre Ringgade,n/a
31,1,2014-03-26 17:20:00,Jyllands Alle,Aarhus,56.13458495857738,56.12994000000001,Højbjerg,10.189857330024779,10.187329678573633,Jyllands Alle,n/a
44,3,2014-03-26 17:25:00,Grenåvej,Ega,56.21163929866206,56.210806441766366,Ega,10.277436490737955,10.269670626983498,Mejlbyvej,n/a
92,1,2014-03-26 17:30:00,Søftenvej,Aarhus,56.21508593264829,56.22579478256016,Hinnerup,10.13978019262504,10.116589665412903,Århusvej,n/a
65,3,2014-03-26 17:35:00,Landevejen,Tranbjerg,56.0855852379219,56.10097260933967,Tranbjerg,10.124126151537894,10.140579996364522,Landevejen,n/a
55,3,2014-03-26 17:40:00,Søftenvej,Aarhus,56.21508593264829,56.22579478256016,Hinnerup,10.13978019262504,10.116589665412903,Århusvej,n/a
35,2,2014-03-26 17:45:00,Silkeborgvej,Aarhus,56.15591411050229,56.154610138216704,Aarhus,10.176133542327875,10.157440224536913,Silkeborgvej,n/a
